<?xml version="1.0" encoding="UTF-8"?>
<project-private xmlns="http://www.netbeans.org/ns/project-private/1">
    <editor-bookmarks xmlns="http://www.netbeans.org/ns/editor-bookmarks/2" lastBookmarkId="0"/>
    <open-files xmlns="http://www.netbeans.org/ns/projectui-open-files/2">
        <group>
            <file>file:/C:/Users/Ralu/Documents/NetBeansProjects/SanatorioEstrella/src/ar/org/sanatorio/estrella/gui/FormTurnos.java</file>
            <file>file:/C:/Users/Ralu/Documents/NetBeansProjects/SanatorioEstrella/src/ar/org/sanatorio/estrella/gui/SanatorioApp.java</file>
            <file>file:/C:/Users/Ralu/Documents/NetBeansProjects/SanatorioEstrella/src/ar/org/sanatorio/estrella/gui/FormEspecialidades.java</file>
            <file>file:/C:/Users/Ralu/Documents/NetBeansProjects/SanatorioEstrella/src/ar/org/sanatorio/estrella/entities/Doctor.java</file>
            <file>file:/C:/Users/Ralu/Documents/NetBeansProjects/SanatorioEstrella/src/ar/org/sanatorio/estrella/gui/FormPacientes.java</file>
            <file>file:/C:/Users/Ralu/Documents/NetBeansProjects/SanatorioEstrella/src/ar/org/sanatorio/estrella/gui/ListarEspecialidades.java</file>
            <file>file:/C:/Users/Ralu/Documents/NetBeansProjects/SanatorioEstrella/src/ar/org/sanatorio/estrella/gui/FormDoctores.java</file>
        </group>
    </open-files>
</project-private>
