<?xml version="1.0" encoding="UTF-8"?>
<project-private xmlns="http://www.netbeans.org/ns/project-private/1">
    <editor-bookmarks xmlns="http://www.netbeans.org/ns/editor-bookmarks/2" lastBookmarkId="0"/>
    <open-files xmlns="http://www.netbeans.org/ns/projectui-open-files/2">
        <group>
            <file>file:/C:/Users/Ralu/Documents/NetBeansProjects/SanatorioEstrella/src/ar/org/sanatorio/estrella/entities/Turno.java</file>
            <file>file:/C:/Users/Ralu/Documents/NetBeansProjects/SanatorioEstrella/src/ar/org/sanatorio/estrella/gui/ventanas/subs/FormAgregarTurno.java</file>
            <file>file:/C:/Users/Ralu/Documents/NetBeansProjects/SanatorioEstrella/src/ar/org/sanatorio/estrella/gui/ventanas/FormDoctores.java</file>
            <file>file:/C:/Users/Ralu/Documents/NetBeansProjects/SanatorioEstrella/src/ar/org/sanatorio/estrella/repositories/interfaces/I_DoctorRepository.java</file>
        </group>
    </open-files>
</project-private>
